title,body,labels,dependencies,estimate
"FND-01 Foundations — Create monorepo scaffolding","Description: Establecer la estructura base del monorepo, tooling, linting y scripts para desarrollo temprano.\n\nAcceptance criteria:\n- Estructura de repo por módulos (apps/*, packages/*, backlog/*).\n- Scripts de build/test/lint en root.\n- Configuración de lint y TS; pre-commit configurado.\n\nDependencies: -","backlog;foundation","-","5-8d"
"FND-02 Foundations — DB + multi-tenant (Postgres + RLS)","Description: Configurar la base de datos con esquemas núcleo y RBAC/RLS para multi-tenant.\n\nAcceptance criteria:\n- Esquemas: entities, fiscal_periods, chart_of_accounts, accounts, journal_entries, journal_lines, etc.\n- RLS habilitado y políticas básicas para evitar acceso cruzado.\n- Tests de aislamiento entre entidades.","backlog;foundation","FND-01","5-7d"
"FND-03 Foundations — Context by request (entity_id, user_id)","Description: Implementar middleware/contexto por request que inyecte entity_id y user_id en el contexto de cada operación.\n\nAcceptance criteria:\n- Contexto accesible en handlers/routers; RBAC aplicado.\n- Tests de contexto correcto.","backlog;foundation","FND-02","3-5d"
"FND-04 Foundations — Auth & Roles (Supabase Auth)","Description: Configurar Auth y perfiles (roles) para multi-tenant.\n\nAcceptance criteria:\n- Registro/login; asignación de roles; asociación a entidades.\n- Tests de permisos por rol.","backlog;foundation","FND-02;FND-03","4-6d"
"FND-05 Foundations — Frontend skeleton (Next.js + tRPC)","Description: Skeleton de frontend con App Router y boundary para tRPC.\n\nAcceptance criteria:\n- Estructura minimalista con login y navegación básica.\n- Conexión tipada a APIs (stub).","backlog;foundation","FND-04","4-6d"
"FND-06 Foundations — IA skeleton (interfaces)","Description: Definir interfaces para ingestDocument, suggestAccount y proposeReconciliation; permitir swap de IA.\n\nAcceptance criteria:\n- Interfaces definidas; proveedor IA por defecto (fake/free).\n- Documentation de swap de IA sin cambios de dominio.","backlog;foundation","FND-05","3-4d"
"FND-07 Foundations — Outbox & Idempotency","Description: Implementar Outbox pattern y Idempotency-Key para mutadores.\n\nAcceptance criteria:\n- Mutadores son idempotentes; eventos de outbox generados y entregados.","backlog;foundation","FND-02;MVP-CORE","4-6d"
"FND-08 Foundations — Observability","Description: Configurar Sentry y PostHog; logs estructurados.\n\nAcceptance criteria:\n- Logs con requestId/entityId/userId; dashboards básicos.","backlog;foundation","FND-05","3-4d"
"FND-09 Foundations — Documentation & onboarding","Description: Documentación de arranque, guía de desarrollo y normas.\n\nAcceptance criteria:\n- README actualizado; guía de desarrollo y convenciones.","backlog;foundation","FND-01","2-3d"
"MVP-CORE-01 MVP Core — Onboarding multi-tenant","Description: Flujo para crear empresa, régimen, periodo y seed COA PY.\n\nAcceptance criteria:\n- Admin crea empresa, configura periodo y se aplica seed COA PY.\n- Multi-tenant context activo.","backlog;mvp","FND-02;FND-04","6-8d"
"MVP-CORE-02 MVP Core — Seed COA PY","Description: Seed data de plan de cuentas PY en core.\n\nAcceptance criteria:\n- COA PY existente y válida; validaciones de integridad.","backlog;mvp","MVP-CORE-01","3-4d"
"MVP-CORE-03 MVP Core — Ingesta XML SIFEN (parser)","Description: Parser básico de XML SIFEN y mapeo a journal_entries/journal_lines.\n\nAcceptance criteria:\n- XML de ejemplo parseado correctamente, asientos generados balanceados.","backlog;mvp","MVP-CORE-02","7-10d"
"MVP-CORE-04 MVP Core — Propuesta IA (revisión humana)","Description: IA genera propuestas y UI de revisión con score y rationale.\n\nAcceptance criteria:\n- Propuestas IA con score y rationale visibles; humano puede aprobar/rechazar.","backlog;mvp","MVP-CORE-03;FND-06","6-8d"
"MVP-CORE-05 MVP Core — Publicación de asientos (Idempotency)","Description: Publicar asientos con Idempotency-Key; balance por moneda/base.\n\nAcceptance criteria:\n- Asientos publicados correctamente; idempotente; sumas balanceadas.","backlog;mvp","MVP-CORE-04","5-7d"
"MVP-CORE-06 MVP Core — Libros contables","Description: Libro IVA, Diario, Mayor (consultas básicas).\n\nAcceptance criteria:\n- Consultas de libros disponibles y correctas en MVP.","backlog;mvp","MVP-CORE-05","6-8d"
"MVP-CORE-07 MVP Core — Formularios fiscales iniciales","Description: Generación/validación de 104/106, 500v3, 501v2, 502, 515/516, 525, 526.\n\nAcceptance criteria:\n- Formularios generados en escenarios MVP; validaciones básicas.","backlog;mvp","MVP-CORE-06","8-12d"
"MVP-CORE-08 MVP Core — Hechauka y dashboard de obligaciones","Description: Hechauka mensual y dashboard de obligaciones.\n\nAcceptance criteria:\n- Hechauka generado y visible; dashboard muestra obligaciones/vencimientos.","backlog;mvp","MVP-CORE-07","5-7d"
"IA-EP-01 IA — ai_decisions model","Description: Crear esquema ai_decisions y almacenamiento de decisiones IA.\n\nAcceptance criteria:\n- Estructura de ai_decisions creada y poblable.","backlog;ia","FND-06","3-4d"
"IA-EP-02 IA — Bucle de aprendizaje (feedback humano)","Description: Definir flujo para incorporar feedback humano y mejoras IA.\n\nAcceptance criteria:\n- Proceso para actualizar scores basados en aprobaciones/rechazos.","backlog;ia","IA-EP-01","4-6d"
"IA-EP-03 IA — UI de revisión de IA","Description: Pantalla para revisar propuestas IA con razonamientos y fuentes.\n\nAcceptance criteria:\n- UI funcional; registrar decisiones.","backlog;ia","MVP-CORE-04","5-7d"
"SEC-01 Seguridad — RBAC y pruebas de acceso","Description: Definir roles, permisos y tests de RBAC/RLS.\n\nAcceptance criteria:\n- Tests de acceso entre entidades; permisos correctos.","backlog;security","FND-03","4-6d"
"SEC-02 Compliance — Validaciones must-have (timbrado, SIFEN, DNIT)","Description: Incorporar validaciones y tests para timbrado, CDC SIFEN y DNIT.\n\nAcceptance criteria:\n- Tests end-to-end que cubren validaciones críticas.","backlog;security","MVP-CORE-07","6-8d"
"SEC-03 Auditoría — Auditoría y reversión","Description: audit_events; soporte para reversalOf y versionOf.\n\nAcceptance criteria:\n- Registro de auditoría para cambios; soporte de reversión de asientos.","backlog;security","MVP-CORE-05","4-6d"
"OBS-01 Observabilidad — Monitoreo y dashboards","Description: Dashboards básicos con Sentry + PostHog; métricas clave.\n\nAcceptance criteria:\n- Dashboards disponibles en staging/producción; logs visibles.","backlog;observability","FND-08","3-5d"
"OBS-02 CI/CD y quality gates","Description: Pipeline CI con lint/typecheck/tests; despliegue a GitHub Pages / Vercel.\n\nAcceptance criteria:\n- Checks obligatorios en PRs; build y test pasan.","backlog;observability","OBS-01;FND-05","4-6d"
"OBS-03 Documentación MVP","Description: Documentación de arquitectura, guías de despliegue.\n\nAcceptance criteria:\n- README actualizado; guías de despliegue para frontend y backend.","backlog;observability","FND-01","2-4d"
"REL-01 Release — Versionado de API y crecimiento","Description: Política de versiones y migración.\n\nAcceptance criteria:\n- Roadmap de versiones; ruta de migración definida.","backlog;release","MVP-CORE","3-5d"
"REL-02 Release — Pruebas E2E y rendimiento","Description: Plan de pruebas E2E y rendimiento para crecimiento.\n\nAcceptance criteria:\n- Plan de pruebas E2E documentado; escenarios críticos cubiertos.","backlog;release","REL-01","4-6d"
"REL-03 Release — Plan de escalabilidad operativa","Description: Estrategia de escalabilidad y migración futura.\n\nAcceptance criteria:\n- Documento de escalabilidad con criterios de activación.","backlog;release","REL-02","2-4d"
